{
  "epsilon": 0.2970119760239904,
  "totalGames": 5,
  "consecutiveSafePositions": [
    18,
    9,
    9
  ],
  "lastZoneUsed": "ZONE_A",
  "positionQValues": {
    "1": 0.5,
    "2": 0.5,
    "3": 0.5,
    "4": 0.5,
    "5": 0.5,
    "6": 0.5,
    "7": 0.44762409871651787,
    "8": 0.5,
    "9": 0.534253125,
    "10": 0.5,
    "11": 0.5,
    "12": 0.5,
    "13": 0.5,
    "14": 0.5,
    "15": 0.5,
    "16": 0.5,
    "17": 0.5,
    "18": 0.5401240987165179,
    "19": 0.5,
    "20": 0.5,
    "21": 0.5,
    "22": 0.5,
    "23": 0.5,
    "24": 0.5,
    "25": 0.34625000000000006
  },
  "positionSuccessRate": {
    "1": {
      "wins": 0,
      "total": 0
    },
    "2": {
      "wins": 0,
      "total": 0
    },
    "3": {
      "wins": 0,
      "total": 0
    },
    "4": {
      "wins": 0,
      "total": 0
    },
    "5": {
      "wins": 0,
      "total": 0
    },
    "6": {
      "wins": 0,
      "total": 0
    },
    "7": {
      "wins": 0,
      "total": 2
    },
    "8": {
      "wins": 0,
      "total": 0
    },
    "9": {
      "wins": 2,
      "total": 2
    },
    "10": {
      "wins": 0,
      "total": 0
    },
    "11": {
      "wins": 0,
      "total": 0
    },
    "12": {
      "wins": 0,
      "total": 0
    },
    "13": {
      "wins": 0,
      "total": 0
    },
    "14": {
      "wins": 0,
      "total": 0
    },
    "15": {
      "wins": 0,
      "total": 0
    },
    "16": {
      "wins": 0,
      "total": 0
    },
    "17": {
      "wins": 0,
      "total": 0
    },
    "18": {
      "wins": 2,
      "total": 2
    },
    "19": {
      "wins": 0,
      "total": 0
    },
    "20": {
      "wins": 0,
      "total": 0
    },
    "21": {
      "wins": 0,
      "total": 0
    },
    "22": {
      "wins": 0,
      "total": 0
    },
    "23": {
      "wins": 0,
      "total": 0
    },
    "24": {
      "wins": 0,
      "total": 0
    },
    "25": {
      "wins": 0,
      "total": 1
    }
  },
  "explorationCount": 7,
  "lastAdaptiveAnalysis": "2026-02-06T19:47:33.984Z",
  "adaptiveScores": {
    "1": 1,
    "2": 0.5,
    "3": 1,
    "4": 1,
    "5": 1,
    "6": 1,
    "7": 1,
    "8": 0.5,
    "9": 1,
    "10": 1,
    "11": 0.5,
    "12": 1,
    "13": 1,
    "14": 0.5,
    "15": 1,
    "16": 1,
    "17": 1,
    "18": 1,
    "19": 1,
    "20": 1,
    "21": 1,
    "22": 0.5,
    "23": 1,
    "24": 0.5,
    "25": 1
  },
  "rachaDerrota": 0,
  "stopLossActivado": false,
  "initialized": true
}