{
  "epsilon": 0.27691272042811005,
  "totalGames": 40,
  "consecutiveSafePositions": [
    21
  ],
  "lastZoneUsed": "ZONE_A",
  "positionQValues": {
    "1": 0.24725935544096678,
    "3": 0.46732142857142855,
    "5": 0.37039866071428573,
    "6": 0.41375,
    "10": 0.41593437499999997,
    "11": 0.36752366071428577,
    "12": 0.37039866071428573,
    "13": 0.30191921875,
    "15": 0.41375,
    "16": 0.46732142857142855,
    "19": 0.39400892857142855,
    "20": 0.3623629464285714,
    "21": 0.4285888616071429,
    "22": 0.46732142857142855,
    "23": 0.46732142857142855,
    "25": 0.46732142857142855
  },
  "positionSuccessRate": {
    "1": {
      "wins": 0,
      "total": 9
    },
    "3": {
      "wins": 0,
      "total": 1
    },
    "5": {
      "wins": 0,
      "total": 3
    },
    "6": {
      "wins": 0,
      "total": 1
    },
    "10": {
      "wins": 0,
      "total": 3
    },
    "11": {
      "wins": 0,
      "total": 3
    },
    "12": {
      "wins": 0,
      "total": 3
    },
    "13": {
      "wins": 0,
      "total": 4
    },
    "15": {
      "wins": 0,
      "total": 1
    },
    "16": {
      "wins": 0,
      "total": 1
    },
    "19": {
      "wins": 0,
      "total": 2
    },
    "20": {
      "wins": 0,
      "total": 3
    },
    "21": {
      "wins": 1,
      "total": 4
    },
    "22": {
      "wins": 0,
      "total": 1
    },
    "23": {
      "wins": 0,
      "total": 1
    },
    "25": {
      "wins": 0,
      "total": 1
    }
  },
  "explorationCount": 0,
  "lastAdaptiveAnalysis": null,
  "adaptiveScores": {},
  "rachaDerrota": 9,
  "stopLossActivado": false,
  "initialized": false
}