{
  "epsilon": 0.31229924346769955,
  "totalGames": 71,
  "consecutiveSafePositions": [
    16,
    20,
    10,
    21
  ],
  "lastZoneUsed": "ZONE_A",
  "positionQValues": {
    "1": 0.11320993748875674,
    "2": 0.5,
    "3": 0.43954464285714284,
    "4": 0.5,
    "5": 0.3571602901785714,
    "6": 0.2643716261160714,
    "7": 0.5,
    "8": 0.5,
    "9": 0.5,
    "10": 0.2991279549469866,
    "11": 0.36752366071428577,
    "12": 0.37039866071428573,
    "13": 0.30191921875,
    "14": 0.5,
    "15": 0.41375,
    "16": 0.4530085044642857,
    "17": 0.5,
    "18": 0.41375,
    "19": 0.32365758928571425,
    "20": 0.2534847629827009,
    "21": 0.34241438108258926,
    "22": 0.46732142857142855,
    "23": 0.46732142857142855,
    "24": 0.5,
    "25": 0.2720307873325893
  },
  "positionSuccessRate": {
    "1": {
      "wins": 0,
      "total": 15
    },
    "2": {
      "wins": 0,
      "total": 0
    },
    "3": {
      "wins": 0,
      "total": 2
    },
    "4": {
      "wins": 0,
      "total": 0
    },
    "5": {
      "wins": 0,
      "total": 4
    },
    "6": {
      "wins": 0,
      "total": 5
    },
    "7": {
      "wins": 0,
      "total": 0
    },
    "8": {
      "wins": 0,
      "total": 0
    },
    "9": {
      "wins": 0,
      "total": 0
    },
    "10": {
      "wins": 1,
      "total": 7
    },
    "11": {
      "wins": 0,
      "total": 3
    },
    "12": {
      "wins": 0,
      "total": 3
    },
    "13": {
      "wins": 0,
      "total": 4
    },
    "14": {
      "wins": 0,
      "total": 0
    },
    "15": {
      "wins": 0,
      "total": 1
    },
    "16": {
      "wins": 1,
      "total": 4
    },
    "17": {
      "wins": 0,
      "total": 0
    },
    "18": {
      "wins": 0,
      "total": 1
    },
    "19": {
      "wins": 0,
      "total": 3
    },
    "20": {
      "wins": 1,
      "total": 7
    },
    "21": {
      "wins": 1,
      "total": 6
    },
    "22": {
      "wins": 0,
      "total": 1
    },
    "23": {
      "wins": 0,
      "total": 1
    },
    "24": {
      "wins": 0,
      "total": 0
    },
    "25": {
      "wins": 0,
      "total": 6
    }
  },
  "explorationCount": 3,
  "lastAdaptiveAnalysis": "2026-02-09T00:10:34.485Z",
  "adaptiveScores": {
    "1": 0.5,
    "2": 0.5,
    "3": 1,
    "4": 1,
    "5": 1,
    "6": 1,
    "7": 0.5,
    "8": 0.5,
    "9": 0.5,
    "10": 1,
    "11": 1,
    "12": 1,
    "13": 1,
    "14": 1,
    "15": 1,
    "16": 1,
    "17": 1,
    "18": 1,
    "19": 0.25,
    "20": 0.5,
    "21": 1,
    "22": 0.25,
    "23": 0.5,
    "24": 0.5,
    "25": 0.5
  },
  "rachaDerrota": 2,
  "stopLossActivado": false,
  "initialized": true
}